Index,SMILES,SynFrag
1,CC(C)CCCC(C)[C@H]1CC[C@@H]2[C@@]1(CC[C@H]3[C@H]2CC=C4[C@@]3(CC[C@@H](C4)O)C)C,0.341741
2,C[C@]12CC[C@H]3[C@H]([C@@H]1CC[C@@H]2O)CCC4=CC(=O)CC[C@]34C,0.240895
3,C[C@]12CC[C@H]3[C@H]([C@@H]1CC[C@@H]2O)CCc4cc(O)ccc34,0.315197
4,CC(=O)[C@H]1CC[C@@H]2[C@@]1(CC[C@H]3[C@H]2CCC4=CC(=O)CC[C@]34C)C,0.287873
5,C[C@]12C[C@H](O)[C@H]3[C@@H](CCC4=CC(=O)CC[C@@]34C)[C@@H]1CC[C@]2(O)C(=O)CO,0.156393
6,C[C@]12CC=C3[C@H]([C@@H]1C[C@H](O)[C@@]2(O)C(=O)CO)CC[C@@H]4[C@@]3(C=O)CCC(=O)C4,0.046798
7,CC(=O)[C@H]1CC[C@@H]2[C@@]1(CC[C@H]3[C@H]2CC=C4[C@@]3(CC[C@@H](C4)O)C)C,0.3346
8,C[C@]12CC[C@H]3[C@H]([C@@H]1CC[C@@H]2O)CCC4=CC(=O)C=C[C@]34C,0.192615
9,C[C@]12CC[C@H]3[C@H]([C@@H]1CCC2=O)CCC4=CC(=O)CC[C@]34C,0.257553
10,C[C@]12CC[C@H]3[C@H]([C@@H]1CCC2=O)CCc4cc(O)ccc34,0.410129
11,C[C@]12C[C@H](O)[C@H]3[C@@H](CCc4cc(O)ccc34)[C@@H]1CC[C@@H]2O,0.157063
12,C[C@]12CC[C@H]3[C@H]([C@@H]1CC[C@@H]2O)CC[C@@H]4[C@@]3(CCC(=O)C4)C,0.247058
13,C[C@]12C[C@H](O)[C@H]3[C@@H](CCC4=CC(=O)CC[C@@]34C)[C@@H]1CC[C@@]2(O)C(=O)CO,0.156393
14,C[C@]12CC[C@H]3[C@H]([C@@H]1CC[C@]2(O)C(=O)CO)CCC4=CC(=O)CC[C@]34C,0.237673
15,C[C@]12CC[C@H]3[C@H]([C@@H]1CC[C@@H]2O)CC[C@@H]4[C@@]3(CCC(=O)C4)C,0.247058
16,CC[C@H](/C=C/[C@@H](C)[C@H]1CC[C@@H]2[C@@]1(CC[C@H]3[C@H]2CC=C4[C@@]3(CC[C@@H](C4)O)C)C)C(C)C,0.282859
17,CC[C@H](CC[C@@H](C)[C@H]1CC[C@@H]2[C@@]1(CC[C@H]3[C@H]2CC=C4[C@@]3(CC[C@@H](C4)O)C)C)C(C)C,0.308435
18,C[C@H](CCC[C@@H](C)[C@H]1CC[C@@H]2[C@@]1(CC[C@H]3[C@H]2CC=C4[C@@]3(CC[C@@H](C4)O)C)C)C(C)C,0.327408
19,C[C@@H]1CC[C@@]2(OC1)O[C@@H]3C[C@H]4[C@@H]5CC=C6C[C@@H](O)CC[C@]6(C)[C@H]5CC[C@]4(C)[C@H]3[C@@H]2C,0.278368
20,C[C@@H]1CC[C@@]2(OC1)O[C@@H]3C[C@H]4[C@@H]5CC[C@H]6C[C@@H](O)CC[C@]6(C)[C@H]5C(=O)C[C@]4(C)[C@H]3[C@@H]2C,0.201594
21,C[C@@H]1CC[C@@]2(OC1)O[C@@H]3C[C@H]4[C@@H]5CC[C@@H]6C[C@@H](O)CC[C@]6(C)[C@H]5CC[C@]4(C)[C@H]3[C@@H]2C,0.263399
22,C[C@H](/C=C/[C@H](C)[C@H]1CC[C@@H]2[C@@]1(CC[C@H]3C2=CC=C4[C@@]3(CC[C@@H](C4)O)C)C)C(C)C,0.114322
23,CC(C)=CCC[C@@](C)(O)[C@H]1CC[C@@]2(C)[C@@H]1[C@@H](C)C(=C)[C@@H]3CC[C@H]4C(C)(C)[C@@H](O)CC[C@]4(C)[C@H]3CC2,0.155616
24,CC(C)CCC[C@@H](C)[C@H]1CC[C@@H]2[C@@]1(CC[C@H]3[C@H]2C=CC4=C[C@@H](O)CC[C@@]34C)C,0.191648
25,C[C@H](CCC(=O)O)[C@H]1CC[C@@H]2[C@@]1([C@H](C[C@H]3[C@H]2CC[C@H]4[C@@]3(CC[C@H](C4)O)C)O)C,0.222299
26,C[C@H](CCC(=O)O)[C@H]1CC[C@@H]2[C@@]1([C@H](C[C@H]3[C@H]2[C@@H](C[C@H]4[C@@]3(CC[C@H](C4)O)C)O)O)C,0.182245
27,C[C@H](CCC(=O)O)[C@H]1CC[C@@H]2[C@@]1([C@H](C[C@H]3[C@H]2CC[C@H]4[C@@]3(C[C@H](C[C@H]4O)O)C)O)C,0.186283
28,C[C@H](CCC(=O)O)[C@H]1CC[C@@H]2[C@@]1(CC[C@H]3[C@H]2CC[C@H]4[C@@]3(CC[C@H](C4)O)C)C,0.318714
29,C[C@H](CCC(=O)O)[C@H]1CC[C@@H]2[C@@]1([C@H](C[C@H]3[C@H]2CC[C@H]4[C@@]3(CC[C@H](C4)O)C)O)C,0.222299
30,C[C@]12CC(=O)[C@H]3[C@@H](CCC4=CC(=O)CC[C@@]34C)[C@@H]1CC[C@]2(O)C(=O)CO,0.178253
31,C[C@@H]1C[C@H]2[C@@H]3CCC4=CC(=O)C=C[C@@]4(C)[C@@]3(F)[C@@H](O)C[C@@]2(C)[C@@]1(O)C(=O)CO,0.096677
32,C[C@]12C[C@H](O)[C@H]3[C@@H](CCC4=CC(=O)C=C[C@@]34C)[C@@H]1CC[C@]2(O)C(=O)CO,0.125228
33,C[C@]12CC(=O)[C@H]3[C@@H](CCC4=CC(=O)C=C[C@@]34C)[C@@H]1CC[C@]2(O)C(=O)CO,0.138248
34,C[C@]12C[C@H](O)[C@H]3[C@@H](CCC4=CC(=O)CC[C@@]34C)[C@@H]1CC[C@]2(O)C(=O)CO,0.156393
35,C[C@@H]1C[C@H]2[C@@H]3CCC4=CC(=O)C=C[C@@]4(C)[C@@]3(F)[C@@H](O)C[C@@]2(C)[C@@]1(O)C(=O)CO,0.096677
36,C[C@@H]1C[C@H]2[C@@H]3CCC4=CC(=O)C=C[C@@]4(C)[C@H]3[C@@H](O)C[C@@]2(C)[C@@]1(O)C(=O)CO,0.099105
37,C[C@]12C[C@H](O)[C@H]3[C@@H](CCC4=CC(=O)C=C[C@@]34C)[C@@]1(F)C[C@@H](O)[C@@]2(O)C(=O)CO,0.078468
38,C[C@]12C[C@H]3O[C@@]4(O[C@@H](C)[C@H]3[C@@H]1CCC1=CC(=O)C=C[C@@]14C)OC[C@@]2(O)C(=O)CO,0.085608
39,CC(=O)OCC(=O)[C@]1(SC)[C@H](C)C[C@H]2[C@@H]3CCC4=CC(=O)C=C[C@@]4(C)[C@@]3(F)[C@@H](O)C[C@@]21C,0.096536
40,C[C@@H]1C[C@H]2[C@@H]3CCC4=CC(=O)C=C[C@@]4(C)[C@@]3(Cl)[C@@H](O)C[C@@]2(C)[C@@]1(OC(=O)c1ccco1)C(=O)CCl,0.097994
41,CCC[C@@H]1O[C@@H]2C[C@H]3[C@@H]4CCC5=CC(=O)C=C[C@@]5(C)[C@H]4[C@@H](O)C[C@@]3(C)[C@@]2(O1)C(=O)CO,0.095397
42,C[C@]12C[C@H]3O[C@@]4(O[C@@H](C)[C@H]3[C@@H]1CCC1=CC(=O)C=C[C@@]14C)OC[C@@]2(O)C(=O)CO,0.085608
43,CC(=O)OC[C@@]1(OC(C)=O)[C@H](C)C[C@H]2[C@@H]3CCC4=CC(=O)C=C[C@@]4(C)[C@@]3(F)[C@@H](O)C[C@@]21C,0.097086
44,CCC(=O)OC[C@@]1(OC(=O)CC)[C@H](C)C[C@H]2[C@@H]3CCC4=CC(=O)C=C[C@@]4(C)[C@@]3(Cl)[C@@H](O)C[C@@]21C,0.112337
45,CCC(=O)OC[C@@]1(Cl)[C@H](C)C[C@H]2[C@@H]3CCC4=CC(=O)C=C[C@@]4(C)[C@@]3(F)[C@@H](O)C[C@@]21C,0.097102
46,C[C@]12C[C@H](O)[C@H]3[C@@H](CCC4=CC(=O)CC[C@@]34C)[C@@]1(F)CC[C@]2(O)C(=O)CO,0.123169
47,C[C@]12C[C@H]3O[C@@]4(O[C@@H](C)[C@H]3[C@@H]1CCC1=CC(=O)C=C[C@@]14C)OC[C@@]2(O)C(=O)CO,0.085608
48,CCC(=O)OC[C@@]1(F)[C@H](C)C[C@H]2[C@@H]3CCC4=CC(=O)C=C[C@@]4(C)[C@@]3(F)[C@@H](O)C[C@@]21C,0.093608
49,C[C@]12C[C@H]3O[C@@]4(O[C@@H](C)[C@H]3[C@@H]1CCC1=CC(=O)C=C[C@@]14C)OC[C@@]2(O)C(=O)CO,0.085608
50,CC(=O)OCC(=O)[C@]1(SC)[C@H](C)C[C@H]2[C@@H]3CCC4=CC(=O)C=C[C@@]4(C)[C@@]3(F)[C@@H](O)C[C@@]21C,0.096536
51,C[C@H]1C[C@H]2[C@@H]3CCC4=CC(=O)C=C[C@@]4(C)[C@H]3[C@@H](O)C[C@@]2(C)[C@@]1(O)C(=O)CO,0.099105
52,C#C[C@]1(O)CC[C@H]2[C@@H]3CCC4=CC(=O)CC[C@@H]4[C@H]3CC[C@@]21C,0.181967
53,CC[C@]1(O)CC[C@H]2[C@@H]3CCC4=CC(=O)CC[C@@H]4[C@H]3CC[C@@]21CC#C,0.099031
54,CC[C@]1(O)CC[C@H]2[C@@H]3CCC4=CC(=O)CC[C@@H]4[C@H]3CC[C@@]21C#C,0.166961
55,CC(=O)O[C@@]1(C(C)=O)CC[C@@H]2[C@@]1(C)CC[C@H]1[C@H]2CCC2=CC(=O)CC[C@@]21C,0.305066
56,C[C@]12CC[C@H]3[C@H]([C@@H]1CC[C@@H]2O)CCC4=CC(=O)CC[C@H]34,0.221266
57,C[C@]12CC[C@H]3[C@H]([C@@H]1CC[C@@H]2O)C[C@H](O)[C@@H]1[C@@]3(C)COC1=O,0.127788
58,C[C@]12C=CC3=CC(=O)CC[C@H]3[C@@H]1CC[C@@]1(C)[C@@H]2CC[C@]1(O)C,0.123838
59,C[C@]12CC(=O)[C@H]3[C@@H](CCC4=CC(=O)C(=CO)C[C@@]34C)[C@@H]1CC[C@]2(O)C,0.107048
60,C[C@]12C=CC3=C4CCC(=O)C=C4CC[C@H]3[C@@H]1CC[C@@H]2O,0.064786
61,C[C@]12CC=C3C(=CC(=O)CC3)C1CC[C@@H]1[C@@H]2CC[C@]1(O)C,0.111185
62,C#C[C@]1(O)CC[C@H]2[C@@H]3CCC4=Cc5occc5C[C@H]4[C@H]3CC[C@@]21C,0.166963
63,CC#C[C@]1(O)CC[C@@H]2[C@@]1(C)CC[C@H]1[C@H]2c2ccc(cc2)N(C)C3=CC[C@@H](C)[C@@]13C,0.108266
64,CC(=O)S[C@H]1CC2=CC(=O)CC[C@]2(C)[C@@H]2CC[C@@]3(C)[C@@H](CC[C@@]34CCC(=O)O4)[C@H]12,0.143912
65,COC(=O)[C@@]1(O)CC[C@@H]2[C@@]1(C)CC[C@H]1[C@H]2CCC2=CC(=O)CC[C@@]21C,0.285887
66,CC(=O)N1C=C[C@@]2(C)[C@H]3[C@@H](O)C[C@]4(C)[C@@H](CC[C@@]4(OC(C)=O)C(=O)CO)[C@@H]3CCC12,0.091015
67,CCOC(=O)OC[C@]1(Cl)C(C)C[C@H]2[C@@H]3CCC4=CC(=O)C=C[C@@]4(C)[C@H]3[C@@H](O)C[C@@]21C,0.116876
68,C[C@]12C=CC3=CC(=O)CC[C@H]3[C@@H]1CC[C@@H]1[C@@H]2C[C@H](C)[C@@]1(O)C(C)=O,0.111531
69,CCOC(=O)OC[C@@]1(F)[C@H](C)C[C@H]2[C@@H]3CCC4=CC(=O)C=C[C@@]4(C)[C@@]3(F)[C@@H](O)C[C@@]21C,0.097608
70,C#C[C@]1(O)CC[C@@H]2[C@@]1(C)CC[C@H]1[C@H]2CCc2cc(O)ccc12,0.223948
71,C#C[C@]1(O)CC[C@@H]2[C@@]1(C)CC[C@H]1[C@H]2CCc2cc(OC)ccc12,0.248142
72,CC(=O)O[C@]1(C(C)=O)CC[C@@H]2[C@@]1(C)C[C@H](Cl)[C@@H]1[C@H]2CCC2=CC(=O)CC[C@@]21C,0.120329
73,C[C@]12C=CC3=CC(=O)C=C[C@H]3[C@@H]1[C@@H]1C[C@@H]2CCC1=O,0.046994
74,CC[C@]1(O)CC[C@H]2[C@@H]3CCC4=C5CC=C[C@@H]5CC[C@]4(C)[C@H]3CC[C@@]21C,0.181455
75,CC[C@]1(O)CC[C@H]2[C@@H]3CCC4=C[C@@H](C)CC[C@]4(C)[C@H]3CC[C@@]21CC#C,0.153343
76,CC[C@]1(O)CC[C@H]2[C@@H]3CCC4=C5CC=C[C@@H]5CC[C@]4(C)[C@H]3CC[C@@]21CC#C,0.11245
77,CC[C@]1(O)CC[C@H]2[C@@H]3CCC4=CC(=O)CC[C@@H]4[C@H]3CC[C@@]21C=C,0.118411
78,CC[C@]1(O)CC[C@H]2[C@@H]3CCC4=CC(=O)CC[C@H]4[C@H]3CC[C@@]21C#N,0.228
79,C[C@H]1[C@H]2[C@@H]3CCC4=CC(=O)C=C[C@@]4(C)[C@H]3CC[C@@]2(C)[C@@H]1C(C)=O,0.24343
80,C[C@]12CC[C@H]3[C@H]([C@@H]1CC[C@@H]2O)CC[C@@H]1[C@@]3(C)CC[C@H]2C(=O)OC=C12,0.158504
81,C[C@]12CC[C@H]3[C@H]([C@@H]1CC[C@@]2(O)C1=CC(=O)OC1)CC[C@@H]1[C@@]3(C)CC[C@@H](C1)O,0.256535
82,C[C@H]1O[C@@H](O[C@@H]2CC[C@@]3(C)[C@@H](C[C@H](O)[C@@]4(O)[C@@H]5CC[C@@]6(O)[C@@](O)(CO)[C@H](O)C[C@H]6[C@@H]5C[C@H](O)[C@@H]34)C2)[C@H](O)[C@@H](O)[C@@H]1O,0.179667
83,C[C@H]1O[C@@H](O[C@@H]2[C@@H](O)[C@@H](O[C@@H]3[C@@H](O)[C@@H](O[C@@H]4CC[C@@]5(C)[C@@H](CC[C@@H]6[C@@H]5C[C@H](O)[C@@]5(C)[C@@](O)(C7=CC(=O)OC7)CC[C@H]65)C4)O[C@@H]3C)O[C@@H]2C)[C@H](O)[C@@H](O)[C@@H]1O,0.301586
84,C[C@H]1O[C@@H](O[C@@H]2[C@@H](O)[C@@H](O[C@@H]3[C@@H](O)[C@@H](O[C@@H]4CC[C@@]5(C)[C@@H](CC[C@@H]6[C@@H]5CC[C@]5(C)[C@@](O)(C7=CC(=O)OC7)CC[C@H]65)C4)O[C@@H]3C)O[C@@H]2C)[C@H](O)[C@@H](O)[C@@H]1O,0.419055
85,C[C@H]1O[C@@H](O[C@@H]2CC[C@@]3(C)[C@@H](CC[C@@H]4[C@@H]3CC[C@]3(C)[C@@](O)(C5=CC(=O)OC5)CC[C@H]43)C2)[C@H](O)[C@@H](O)[C@@H]1O,0.343102
86,C[C@]12CC[C@H]3[C@H]([C@H]1C[C@H](O)[C@@]1(O)[C@@]2(O)C=O)CC[C@@H]1[C@@]3(C)CC[C@H]1C(=O)OC=C1,0.108993
87,C[C@H]1O[C@@H](O[C@@H]2[C@@H](O)[C@@H](O[C@@H]3[C@@H](O)[C@@H](O[C@@H]4CC[C@@]5(C)[C@@H](CC[C@@H]6[C@@H]5C[C@H](O)[C@]5(C)[C@@](O)(C7=CC(=O)OC7)CC[C@H]65)C4)O[C@@H]3C)O[C@@H]2C)[C@H](O)[C@@H](OC(C)=O)[C@@H]1O,0.32024
88,C[C@]12CC[C@H]3[C@H]([C@H]1CC[C@@]1(O)C(=O)OC=C21)CC[C@@H]1[C@@]3(C)CC[C@@H](C1)O,0.188332
89,C[C@]12CC[C@H]3[C@H]([C@@H]1CC[C@@]1(O)C(=O)OC=CC21)CC[C@@H]1[C@@]3(C)CC[C@@H](C1)O,0.217918
90,C[C@H]1O[C@@H](O[C@@H]2CC[C@@]3(C)[C@@H](CC[C@@H]4[C@@H]3CC[C@]3(C)[C@@](O)(C5=COC(=O)C=C5)CC[C@H]43)C2)[C@H](O)[C@@H](O)[C@@H]1O,0.37859
91,C[C@@H]1CN2CC[C@]3(C)[C@@H](C[C@H]4[C@@H]5CC=C6[C@@H](N)C=C[C@]6(C)[C@H]5CC[C@]34C)[C@@H]2C1,0.164685
92,C[C@H]1[C@H]2[C@@H](O)[C@H](O)[C@@]3(C)[C@@H](CC[C@H]4[C@@H](C)[C@H](OC(C)=O)CC[C@]43C)[C@@H]2CC[C@@H]1/C(C)=C/CC(O)=O,0.20895
93,C[C@@H]1C[C@@H](O)[C@@H]2[C@@](C)(C3=CC(=O)C4=C5CCN(C)[C@]5(C)[C@@H](OC(=O)C(N)=C)[C@@H](C)[C@H]4[C@@H]3O)CC[C@]2(C)O1,0.03243
94,C[C@H]1C[C@]2([C@H](C[C@@H]3[C@@]4(CC[C@@H]5C[C@@H](O)CC[C@]5(C)[C@H]4CC[C@]3(C)C2=C)C)N1)C,0.161423
95,C[C@@H]1C[C@@]2([C@H](C[C@@H]3[C@@]4(CC[C@@H]5C[C@@H](O)CC[C@]5(C)[C@H]4CC[C@]3(C)C2=C)C)N1)C,0.161423
96,C[C@@H]1C[C@@]2([C@H](C[C@@H]3[C@@]4(CC[C@@H]5C[C@@H](O)CC[C@]5(C)[C@H]4CC[C@]3(C)C2=C)C)N1)C,0.161423
97,C[C@H]1C[C@]2([C@H](C[C@@H]3[C@@]4(CCC5=CC(=O)CC[C@]5(C)[C@H]4CC[C@]3(C)C2=C)C)N1)C,0.144553
98,C[C@@H]1C[C@@]2([C@H](C[C@@H]3[C@@]4(CC[C@@H]5C[C@@H](O)CC[C@]5(C)[C@H]4CC[C@]3(C)C2=C)C)N1)C,0.161423
99,C[C@]12CC[C@H]3[C@H]([C@@H]1C[C@@H](O)[C@]1(O)[C@@]2(O)C=O)CC[C@@H]1[C@@]3(C)CC[C@H]1C(=O)OC=C1,0.108993
100,C[C@]12CC[C@H]3[C@H]([C@@H]1C[C@@H](O)[C@@]1(O)[C@@]2(O)C=O)CC[C@@H]1[C@@]3(C)CC[C@H]1C(=O)OC=C1,0.108993
101,C[C@]12CC[C@H]3[C@H]([C@@H]1C[C@@H](O)[C@@]1(O)[C@@H]2O)CC[C@@H]1[C@@]3(C)CC[C@H]1C(=O)OC=C1,0.099606
102,C[C@]12CC[C@H]3[C@H]([C@@H]1C[C@@H](O)[C@]1(O)[C@@H]2OC(=O)C)[C@@H](O)C[C@@H]1[C@@]3(C)CC[C@H]1C(=O)OC=C1,0.079525
103,C[C@]12CC[C@H]3[C@H]([C@@H]1CC[C@@]1(O)C(=O)OC=C21)CC[C@@H]1[C@@]3(C)CC[C@@H](C1)O,0.188332
104,C[C@]12CC[C@H]3[C@H]([C@H]1C[C@@H](O)[C@@]1(O)[C@@H]2O)CC[C@@H]1[C@@]3(C)CC[C@H]1C(=O)OC=C1,0.099606
105,C[C@]12CC[C@H]3[C@H]([C@H]1C[C@H](O)[C@@]1(O)[C@@H]2O)CC[C@@H]1[C@@]3(C)CC[C@H]1C(=O)OC=C1,0.099606
106,C[C@]12CC[C@H]3[C@H]([C@@H]1CC[C@@]1(O)C(=O)OC=C21)CC[C@@H]1[C@@]3(C)C[C@@H](O)C[C@@H]1O,0.16027
107,C[C@]12CC[C@H]3[C@H]([C@H]1C[C@H](O)[C@@]1(O)[C@@H]2O)CC[C@@H]1[C@@]3(C)CC[C@H]1C(=O)OC=C1,0.099606
108,C[C@H]1O[C@@H](O[C@@H]2CC[C@@]3(C)[C@@H](CC[C@@H]4[C@@H]3C[C@H](O)[C@]3(C)[C@@](O)(C5=CC(=O)OC5)CC[C@H]43)C2)[C@H](OC(C)=O)[C@@H](OC)[C@@H]1O,0.24307
109,C[C@H]1O[C@@H](O[C@@H]2CC[C@@]3(C)[C@@H](CC[C@@H]4[C@@H]3C[C@H](O)[C@]3(C)[C@@](O)(C5=CC(=O)OC5)CC[C@H]43)C2)[C@H](O)[C@@H](O)[C@@H]1O,0.231024
110,C[C@]12CC[C@H]3[C@H]([C@@H]1CC[C@@H]2O)CCC4=CC(=O)CC[C@]34C,0.240895
111,C[C@]12CC[C@H]3[C@H]([C@@H]1CC[C@]2(O)C)[C@H](O)CC4=CC(=O)CC[C@]34C,0.167972
112,C[C@]12CC[C@H]3[C@H]([C@@H]1CC[C@@H]2O)CC[C@@H]4[C@@]3(CCC(=O)C4)C,0.247058
113,C[C@]12CC[C@H]3[C@H]([C@@H]1CC[C@@H]2O)CC[C@H]4[C@@]3(CCC(=O)C4)C,0.247059
114,C[C@]12CC[C@H]3[C@H]([C@@H]1CCC2=O)CCC4=CC(=O)CC[C@]34C,0.257553
115,C[C@]12CC[C@H]3[C@H]([C@@H]1CC[C@@H]2O)CCC4=CC(O)CC[C@]34C,0.272359
116,C[C@]12CC[C@H]3[C@H]([C@@H]1CC[C@@H]2O)CCC4=CC(=O)C=C[C@]34C,0.192615
117,C[C@]12CC[C@H]3[C@H]([C@@H]1CC[C@@H]2O)CC[C@@H]4[C@@]3(CCC(=O)C4)C,0.247058
118,C[C@]12CC[C@H]3[C@H]([C@@H]1CC[C@@H]2O)CC[C@H]4[C@@]3(CCC(=O)C4)C,0.247059
119,C[C@]12CC(=O)[C@H]3[C@H]([C@@H]1CCC2=O)CCC4=CC(=O)CC[C@]34C,0.199126
120,C[C@]12CC(=O)[C@H]3[C@H]([C@@H]1CC[C@@H]2O)CCC4=CC(=O)CC[C@]34C,0.178245
121,C[C@]12C[C@H](O)[C@H]3[C@@H](CCC4=CC(=O)CC[C@@]34C)[C@@H]1CC[C@@H]2O,0.157718
122,C[C@]12C[C@H](O)[C@H]3[C@@H](CCC4=CC(=O)CC[C@@]34C)[C@@H]1CCC2=O,0.169442
123,C[C@]12CC[C@H]3[C@H]([C@@H]1CC[C@@H]2O)CC[C@@H]4[C@@]3(CC[C@@H](C4)O)C,0.267678
124,C[C@]12CC[C@H]3[C@H]([C@@H]1CCC2=O)CC[C@@H]4[C@@]3(CCC(=O)C4)C,0.277063
125,OCC1=CC(=O)CC[C@@]12CC[C@H]1[C@@H]3CCC4=CC(=O)CC[C@]4(C)[C@H]3CC[C@]21C,0.255186
126,C[C@]12CC[C@H]3[C@H]([C@@H]1C[C@H](O)[C@@H]2O)CCC4=CC(=O)C=C[C@]34C,0.149927
127,C[C@]12CC[C@H]3[C@H]([C@@H]1CC[C@@H]2O)[C@@H](O)CC4=CC(=O)C=C[C@]34C,0.137225
128,C[C@]12CC[C@H]3[C@H]([C@@H]1CC[C@@H]2O)[C@H](O)CC4=CC(=O)C=C[C@]34C,0.137225
129,C[C@]12CC[C@H]3[C@H]([C@@H]1CC[C@@H]2O)CC=C4C[C@@H](O)CC[C@]34C,0.288585
130,C[C@]12CC[C@H]3[C@H]([C@@H]1CCC2)CC[C@@H]4[C@@]3(CCCC4)C,0.279703
131,C[C@]12CC[C@H]3[C@H]([C@@H]1CCC2)CCC4=CC(=O)CC[C@]34C,0.217558
132,C[C@]12CC[C@H]3[C@H]([C@@H]1CCC2=O)CCC4=CC(=O)C=C[C@]34C,0.201099
133,C[C@]12CC[C@H]3[C@H]([C@@H]1CCC2=O)CC[C@@H]4[C@@]3(CCC(=O)C4)C,0.277063
134,C[C@]12CC[C@H]3[C@H]([C@@H]1CC[C@@H]2O)CC[C@@H]4[C@@]3(CC[C@H](C4)O)C,0.267678
135,C[C@]12CC[C@H]3[C@H]([C@@H]1CC[C@@H]2O)CC[C@@H]4[C@@]3(CC[C@@H](C4)O)C,0.267678
136,C[C@]12C[C@H](O)[C@H]3[C@@H](CCC4=CC(O)CC[C@@]34C)[C@@H]1CC[C@@H]2O,0.186085
137,C[C@]12CC[C@H]3[C@H]([C@@H]1CC[C@@H]2O)CCC4=CC(=O)CC[C@H]34,0.221266
138,C[C@]12CC[C@H]3[C@H]([C@@H]1CC[C@@H]2O)CCc4cc(O)ccc34,0.315197
139,C[C@]12CC[C@H]3[C@H]([C@@H]1CCC2=O)CCc4cc(O)ccc34,0.410129
140,C[C@]12C[C@H](O)[C@H]3[C@@H](CCc4cc(O)ccc34)[C@@H]1CC[C@@H]2O,0.157063
141,C[C@]12CC[C@H]3[C@H]([C@@H]1CC[C@H]2O)CCc4cc(O)ccc34,0.315197
142,COc1cc2CCc3c([C@H]4CC[C@@H](O)[C@@]4(C)CC2)ccc(O)c3c1,0.098701
143,COc1cc(O)c2[C@H]3CC[C@@H](O)[C@@]3(C)CCc2c1,0.377913
144,C[C@]12CC[C@H]3[C@H]([C@@H]1C[C@H](O)[C@@]2=O)CCc4cc(O)ccc34,0.243333
145,C[C@]12CCC3=C(C=Cc4cc(O)ccc34)[C@@H]1CCC2=O,0.190158
146,C[C@]12CCC3=C(C=Cc4cc(O)ccc34)[C@@H]1CC[C@@H]2O,0.161019
147,C[C@]12CCC3=C(C=Cc4cc(O)ccc34)[C@@H]1CC[C@H]2O,0.161019
148,C[C@]12CCC3=C(C=Cc4cc(O)ccc34)[C@@H]1CC[C@@H]2O,0.161019
149,C[C@]12CC[C@H]3[C@H]([C@@H]1CCC2=O)CCc4cc(OS(=O)(=O)O)ccc34,0.527019
150,C[C@]12CC[C@H]3[C@H]([C@@H]1CC[C@@H]2O)CCc4cc(OS(=O)(=O)O)ccc34,0.375163
151,C[C@]12CC[C@H]3[C@H]([C@@H]1CC[C@@H]2O)CCC4=CC(OS(=O)(=O)O)CC[C@]34C,0.29935
152,C[C@]12C[C@H](O)[C@H]3[C@@H](CCc4cc(O)ccc34)[C@@H]1C[C@H](O)[C@@H]2O,0.091592
153,C[C@]12C[C@@H](O)[C@H]3[C@@H](CCc4cc(O)ccc34)[C@@H]1CC[C@@H]2O,0.157063
154,C[C@]12C[C@H](O)[C@H]3[C@@H](CCc4cc(O)ccc34)[C@@H]1CC[C@H]2O,0.157063
155,COc1cc2CCc3c([C@H]4CC[C@](=O)[C@@]4(C)CC2)ccc(O)c3c1,0.108421
156,COc1cc(O)c2[C@H]3CC[C@](=O)[C@@]3(C)CCc2c1,0.510932
157,C[C@]12CC(=O)[C@H]3[C@@H](CCc4cc(O)ccc34)[C@@H]1CC[C@@H]2O,0.211689
158,C[C@]12CC[C@H]3[C@H]([C@@H]1CC[C@@H]2O)[C@@H](O)Cc4cc(O)ccc34,0.205921
159,C[C@]12CC[C@H]3[C@H]([C@@H]1CC[C@@H]2O)[C@H](O)Cc4cc(O)ccc34,0.205921
160,CC(=O)[C@H]1CC[C@@H]2[C@@]1(CC[C@H]3[C@H]2CCC4=CC(=O)CC[C@]34C)C,0.287873
161,CC(=O)[C@@]1(O)CC[C@@H]2[C@@]1(C)CC[C@H]1[C@H]2CCC2=CC(=O)CC[C@]12C,0.250633
162,CC(=O)[C@H]1CC[C@@H]2[C@@]1(CC[C@H]3[C@H]2CC=C4[C@@]3(CC[C@@H](C4)O)C)C,0.3346
163,CC(=O)[C@@]1(O)CC[C@@H]2[C@@]1(C)CC[C@H]1[C@H]2CC=C2C[C@@H](O)CC[C@]12C,0.298321
164,C[C@H](O)[C@H]1CC[C@@H]2[C@@]1(C)CC[C@H]1[C@H]2CC[C@@H]2[C@@]1(C)CC[C@H](O)C2,0.277645
165,C[C@H](O)[C@H]1CC[C@@H]2[C@@]1(C)CC[C@H]1[C@H]2CC[C@H]2[C@@]1(C)CC[C@H](O)C2,0.277645
166,C[C@H](O)[C@H]1CC[C@@H]2[C@@]1(C)CC[C@H]1[C@H]2CC[C@@H]2[C@@]1(C)CC[C@H](O)C2,0.277645
167,C[C@H](O)[C@H]1CC[C@@H]2[C@@]1(C)CC[C@H]1[C@H]2CC[C@H]2[C@@]1(C)CC[C@H](O)C2,0.277645
168,CC(=O)[C@H]1CC[C@@H]2[C@@]1(CC[C@H]3[C@H]2CC=C4[C@@]3(CC[C@@H](C4)OS(=O)(=O)O)C)C,0.35348
169,C[C@]12CC[C@H]3[C@H]([C@@H]1CC[C@@]2(O)C(=O)CO)CCC4=CC(=O)CC[C@]34C,0.237673
170,C[C@]12CC[C@H]3[C@H]([C@@H]1CC[C@]2(O)C(=O)CO)CCC4=CC(=O)CC[C@]34C,0.237673
171,C[C@H](O)[C@H]1CC[C@@H]2[C@@]1(C)CC[C@H]1[C@H]2CCC2=CC(=O)CC[C@]12C,0.258557
172,C[C@@H](O)[C@H]1CC[C@@H]2[C@@]1(C)CC[C@H]1[C@H]2CCC2=CC(=O)CC[C@]12C,0.258557
173,CC(=O)[C@H]1CC[C@@H]2[C@@]1(C)CC[C@H]1[C@H]2CC[C@@H]2[C@@]1(C)CCC(=O)C2,0.289579
174,CC(=O)[C@H]1CC[C@@H]2[C@@]1(C)CC[C@H]1[C@H]2CC[C@H]2[C@@]1(C)CCC(=O)C2,0.289579
175,C[C@H](O)[C@H]1CC[C@@H]2[C@@]1(C)CC[C@H]1[C@H]2CC[C@@H]2[C@@]1(C)CC[C@H](O)C2,0.277645
176,CC(=O)[C@@]1(O)C[C@H](O)[C@@H]2[C@@]1(C)CC[C@H]1[C@H]2CCC2=CC(=O)CC[C@]12C,0.20375
177,C[C@]12C[C@H](O)[C@H]3[C@@H](CCC4=CC(=O)CC[C@@]34C)[C@@H]1CC[C@]2(O)C(=O)CO,0.156393
178,C[C@]12CC(=O)[C@H]3[C@@H](CCC4=CC(=O)CC[C@@]34C)[C@@H]1CC[C@]2(O)C(=O)CO,0.178253
179,C[C@]12C[C@H](O)[C@H]3[C@@H](CCC4=CC(=O)CC[C@@]34C)[C@@H]1CC[C@@]2(O)C(=O)CO,0.156393
180,C[C@]12CC=C3[C@H]([C@@H]1C[C@H](O)[C@@]2(O)C(=O)CO)CC[C@@H]4[C@@]3(C=O)CCC(=O)C4,0.046798
181,C[C@]12C[C@H](O)[C@H]3[C@@H](CC[C@@H]4C[C@H](O)CC[C@]34C)[C@@H]1CC[C@]2(O)C(=O)CO,0.17335
182,C[C@]12CC(=O)[C@H]3[C@@H](CC[C@@H]4C[C@H](O)CC[C@]34C)[C@@H]1CC[C@]2(O)C(=O)CO,0.201371
183,C[C@]12CC(=O)[C@H]3[C@@H](CCC4=CC(=O)CC[C@@]34C)[C@@H]1CC[C@@]2(O)C(=O)CO,0.178253
184,C[C@]12C[C@H](O)[C@H]3[C@@H](CCC4=CC(=O)CC[C@@]34C)[C@@H]1CC[C@]2(O)C(C)=O,0.162549
185,OC[C@]12CC[C@H]3[C@H]([C@@H]1CC[C@@]2(O)C(=O)CO)CCC4=CC(=O)CC[C@]34C,0.145092
186,C[C@]12C[C@H](O)[C@H]3[C@@H](CCC4=CC(=O)C[C@H](O)[C@@]34C)[C@@H]1CC[C@]2(O)C(=O)CO,0.129304
187,C[C@]12C[C@H](O)[C@H]3[C@@H](CCC4=CC(=O)CC[C@@]34C)[C@@H]1CC[C@]2(O)[C@H](C)O,0.1431
188,C[C@]12C[C@H](O)[C@H]3[C@@H](CCC4=CC(=O)CC[C@@]34C)[C@@H]1CC[C@]2(O)[C@@H](C)O,0.1431
189,C[C@]12CC[C@H]3[C@H]([C@@H]1CC[C@]2(O)C(=O)CO)CC[C@@H]4C[C@H](O)CC[C@]34C,0.255447
190,C[C@]12C[C@H](O)[C@H]3[C@@H](CC[C@@H]4C[C@H](O)CC[C@]34C)[C@@H]1CC[C@@]2(O)C(=O)CO,0.17335
191,C[C@]12C[C@H](O)[C@H]3[C@@H](CC[C@H]4C[C@H](O)CC[C@]34C)[C@@H]1CC[C@@]2(O)C(=O)CO,0.17335
192,CC[C@H](CC[C@@H](C)[C@H]1CC[C@@H]2[C@@]1(CC[C@H]3[C@H]2CC=C4[C@@]3(CC[C@@H](C4)O)C)C)C(C)C,0.308435
193,CC[C@H](/C=C/[C@@H](C)[C@H]1CC[C@@H]2[C@@]1(CC[C@H]3[C@H]2CC=C4[C@@]3(CC[C@@H](C4)O)C)C)C(C)C,0.282859
194,C[C@H](CCC[C@@H](C)[C@H]1CC[C@@H]2[C@@]1(CC[C@H]3[C@H]2CC=C4[C@@]3(CC[C@@H](C4)O)C)C)C(C)C,0.327408
195,C[C@H](/C=C/[C@H](C)[C@H]1CC[C@@H]2[C@@]1(CC[C@H]3[C@H]2CC=C4[C@@]3(CC[C@@H](C4)O)C)C)C(C)C,0.279325
196,CC(C)=CCC[C@@H](C)[C@H]1CC[C@@H]2[C@@]1(CC[C@H]3[C@H]2CC=C4[C@@]3(CC[C@@H](C4)O)C)C,0.295596
197,CC(C)CCC[C@@H](C)[C@H]1CC[C@@H]2[C@@]1(CC[C@H]3[C@H]2CC=C4[C@@]3(CC[C@@H](C4)O)C)C,0.341741
198,CC(C)CCC[C@@H](C)[C@H]1CC[C@@H]2[C@@]1(CC[C@H]3C2=CC=C4[C@@]3(CC[C@@H](C4)O)C)C,0.122202
199,CC[C@H](CC[C@@H](C)[C@H]1CC[C@@H]2[C@@]1(CC[C@H]3[C@H]2CC=C4[C@@]3(CC[C@@H](C4)O)C)C)C(C)=C,0.27891
200,CC(C)[C@H](C)/C=C/[C@@H](C)[C@H]1CC[C@@H]2[C@@]1(CC[C@H]3[C@H]2CC=C4[C@@]3(CC[C@@H](C4)O)C)C,0.279325
201,CC(=C)[C@H](CC[C@@H](C)[C@H]1CC[C@@H]2[C@@]1(CC[C@H]3[C@H]2CC=C4[C@@]3(CC[C@@H](C4)O)C)C)C,0.278051
202,CC[C@H](CC[C@@H](C)[C@H]1CC[C@@H]2[C@@]1(CC[C@H]3[C@H]2CC[C@@H]4[C@@]3(CC[C@@H](C4)O)C)C)C(C)C,0.287955
203,CC[C@H](CC[C@@H](C)[C@H]1CC[C@@H]2[C@@]1(CC[C@H]3[C@H]2CC[C@@H]4[C@@]3(CC[C@@H](C4)O)C)C)C(C)=C,0.259844
204,C[C@H](CCC[C@@H](C)[C@H]1CC[C@@H]2[C@@]1(CC[C@H]3[C@H]2CC[C@@H]4[C@@]3(CC[C@@H](C4)O)C)C)C(C)C,0.30624
205,CC(C)CCC[C@@H](C)[C@H]1CC[C@@]2(C)[C@@H]1[C@@](C)(O)C=C1[C@@H]2CC[C@@H]2C[C@@H](O)CC[C@]12C,0.160851
206,CC(C)CCC[C@@H](C)[C@H]1CC[C@@]2(C)[C@@H]1[C@@H](C)[C@H]1C[C@@]3(C)[C@@H]4CC[C@H](O)C(C)(C)[C@@H]4CC[C@]3(C)[C@@H]21,0.201235
207,CC(C)=CCC[C@@](C)(O)[C@H]1CC[C@@]2(C)[C@@H]1[C@@H](C)[C@H]1C[C@@]3(C)[C@@H]4CC[C@H](O)C(C)(C)[C@@H]4CC[C@]3(C)[C@@H]21,0.209321
208,CC(C)CCC[C@@H](C)[C@H]1CC[C@@H]2[C@@]1(CC[C@H]3[C@H]2CC[C@@H]4C[C@@H](O)CC[C@]34C)C,0.320893
209,CC(=C)[C@H](CC[C@@](C)(O)[C@H]1CC[C@@]2(C)[C@@H]1[C@@H](C)[C@H]1C[C@@]3(C)[C@@H]4CC[C@H](O)C(C)(C)[C@@H]4CC[C@]3(C)[C@@H]21)C,0.200958
210,C[C@H](CCC(=O)O)[C@H]1CC[C@@H]2[C@@]1([C@H](C[C@H]3[C@H]2[C@@H](C[C@H]4[C@@]3(CC[C@H](C4)O)C)O)O)C,0.182245
211,C[C@H](CCC(=O)O)[C@H]1CC[C@@H]2[C@@]1([C@H](C[C@H]3[C@H]2CC[C@H]4[C@@]3(CC[C@H](C4)O)C)O)C,0.222299
212,C[C@H](CCC(=O)O)[C@H]1CC[C@@H]2[C@@]1(CC[C@H]3[C@H]2CC[C@H]4[C@@]3(CC[C@H](C4)O)C)C,0.318714
213,C[C@H](CCC(=O)O)[C@H]1CC[C@@H]2[C@@]1([C@H](C[C@H]3[C@H]2CC[C@H]4[C@@]3(C[C@H](C[C@H]4O)O)C)O)C,0.186283
214,C[C@H](CCC(=O)NCC(=O)O)[C@H]1CC[C@@H]2[C@@]1([C@H](C[C@H]3[C@H]2[C@@H](C[C@H]4[C@@]3(CC[C@H](C4)O)C)O)O)C,0.224485
215,C[C@H](CCC(=O)NCCS(=O)(=O)O)[C@H]1CC[C@@H]2[C@@]1([C@H](C[C@H]3[C@H]2[C@@H](C[C@H]4[C@@]3(CC[C@H](C4)O)C)O)O)C,0.233544
216,C[C@H](CCC(=O)NCC(=O)O)[C@H]1CC[C@@H]2[C@@]1([C@H](C[C@H]3[C@H]2CC[C@H]4[C@@]3(CC[C@H](C4)O)C)O)C,0.270969
217,C[C@H](CCC(=O)NCCS(=O)(=O)O)[C@H]1CC[C@@H]2[C@@]1([C@H](C[C@H]3[C@H]2CC[C@H]4[C@@]3(CC[C@H](C4)O)C)O)C,0.283932
218,C[C@H](CCC(=O)NCC(=O)O)[C@H]1CC[C@@H]2[C@@]1(CC[C@H]3[C@H]2CC[C@H]4[C@@]3(CC[C@H](C4)O)C)C,0.392232
219,C[C@H](CCC(=O)NCCS(=O)(=O)O)[C@H]1CC[C@@H]2[C@@]1(CC[C@H]3[C@H]2CC[C@H]4[C@@]3(CC[C@H](C4)O)C)C,0.400336
220,C[C@H](CCC(=O)NCC(=O)O)[C@H]1CC[C@@H]2[C@@]1([C@H](C[C@H]3[C@H]2CC[C@H]4[C@@]3(C[C@H](C[C@H]4O)O)C)O)C,0.214108
221,C[C@H](CCC(=O)NCCS(=O)(=O)O)[C@H]1CC[C@@H]2[C@@]1([C@H](C[C@H]3[C@H]2CC[C@H]4[C@@]3(C[C@H](C[C@H]4O)O)C)O)C,0.214076
222,C[C@H](CCC(=O)O)[C@H]1CC[C@@H]2[C@@]1(CC[C@H]3[C@H]2[C@@H](C[C@H]4[C@@]3(CC[C@H](C4)O)C)O)C,0.263005
223,C[C@H](CCC(=O)O)[C@H]1CC[C@@H]2[C@@]1(C[C@H](O)[C@H]3[C@H]2[C@@H](C[C@H]4[C@@]3(CC[C@H](C4)O)C)O)C,0.183345
224,C[C@H](CCC(=O)O)[C@H]1CC[C@@H]2[C@@]1([C@H](C[C@H]3[C@H]2C[C@H](O)[C@H]4[C@@]3(CC[C@H](C4)O)C)O)C,0.187695
225,C[C@H](CCC(=O)O)[C@H]1CC[C@@H]2[C@@]1([C@H](C[C@H]3[C@H]2[C@@H](C[C@@H]4[C@@]3(CC[C@@H](C4)O)C)O)O)C,0.182245
226,CC[C@H](C)[C@@H]1CC[C@@H]2[C@@]1([C@H](C[C@H]3[C@H]2[C@@H](C[C@H]4[C@@]3(CC[C@H](C4)O)C)O)O)C,0.154634
227,CC(C)CCC[C@@H](C)[C@H]1CC[C@@H]2[C@@]1(CC[C@H]3[C@H]2CC=C4[C@@]3(CC[C@@H](C4)O)C)C,0.341741
228,CC(C)CCC[C@@H](C)[C@H]1CC[C@@H]2[C@@]1(CC[C@H]3[C@H]2C=CC4=C[C@@H](O)CC[C@@]34C)C,0.191648
229,CC(C)=CCC[C@@](C)(O)[C@H]1CC[C@@]2(C)[C@@H]1[C@@H](C)C(=C)[C@@H]3CC[C@H]4C(C)(C)[C@@H](O)CC[C@]4(C)[C@H]3CC2,0.155616
230,CC(C)CCC[C@@H](C)[C@H]1CC[C@@H]2[C@@]1(CC[C@H]3[C@H]2CC[C@@H]4[C@@]3(CC[C@@H](C4)O)C)C,0.320893
231,CC(C)CCC[C@@H](C)[C@H]1CC[C@@H]2[C@@]1(CC[C@H]3[C@H]2CC[C@H]4[C@@]3(CC[C@@H](C4)O)C)C,0.320893
232,CC(C)CCC[C@@H](C)[C@H]1CC[C@@H]2[C@@]1(CC[C@H]3[C@H]2CC=C4[C@@]3(CC[C@H](C4)O)C)C,0.341741
233,CC(=O)O[C@@H]1CC[C@@]2(C)[C@H](CC[C@H]3[C@H]2CC=C2[C@@]3(C)CC[C@@H](CCCC(C)C)C2)C1,0.403634
234,CCCCCCCCCCCCCCCC(=O)O[C@@H]1CC[C@@]2(C)[C@H](CC[C@H]3[C@H]2CC=C2[C@@]3(C)CC[C@@H](CCCC(C)C)C2)C1,0.517036
235,C[C@H](CCCC(C)C)[C@H]1CC[C@@H]2[C@@]1(CC[C@H]1[C@H]2CC=C2C[C@@H](OC(=O)CCC(=O)O)CC[C@]12C)C,0.472447
236,CC(C)CCC[C@@H](C)[C@H]1CC[C@@H]2[C@@]1(CC[C@H]3[C@H]2[C@@H](O)C=C4[C@@]3(CC[C@@H](C4)O)C)C,0.277709
237,CC(C)CCC[C@@H](C)[C@H]1CC[C@@H]2[C@@]1(CC[C@H]3[C@H]2[C@H](O)C=C4[C@@]3(CC[C@@H](C4)O)C)C,0.277709
238,CC(CCC[C@@H](C)[C@H]1CC[C@@H]2[C@@]1(CC[C@H]3[C@H]2CC=C4[C@@]3(CC[C@@H](C4)O)C)C)(C)O,0.351144
239,CC(CCCC(C)(C)O)[C@H]1CC[C@@H]2[C@@]1(CC[C@H]3[C@H]2CC=C4[C@@]3(CC[C@@H](C4)O)C)C,0.351144
240,CC(C)C(O)C[C@@H](C)[C@H]1CC[C@@H]2[C@@]1(CC[C@H]3[C@H]2CC=C4[C@@]3(CC[C@@H](C4)O)C)C,0.3162
241,CC(C)CCC[C@@H](C)[C@H]1CC[C@@H]2[C@@]1(CC[C@H]3[C@H]2C(=O)C=C4[C@@]3(CC[C@@H](C4)O)C)C,0.252308
242,CC(C)CCC[C@@H](C)[C@H]1CC[C@@H]2[C@@]1(CC[C@H]1[C@H]2C[C@H](O)C2=CC(=O)CC[C@]12C)C,0.196222
243,CC(C)CCC[C@@H](C)[C@H]1CC[C@@H]2[C@@]1(CC[C@H]1[C@H]2[C@@H](O)[C@]2(O)C[C@@H](O)CC[C@]12C)C,0.169536
244,CC(C)CCC[C@@](C)(O)[C@H]1CC[C@@]2(C)[C@@H]1[C@@H](C)CC[C@@H]3CC[C@H]4C(C)(C)[C@@H](O)CC[C@]4(C)[C@H]3CC2,0.167633
245,CC(C)CCC[C@@H](C)[C@H]1CC[C@@H]2[C@@]1(CC[C@H]3[C@H]2CC=C4[C@@]3(CC[C@@H](C4)OS(=O)(=O)O)C)C,0.373563
246,C[C@@H]1CC[C@@]2(OC1)O[C@@H]3C[C@H]4[C@@H]5CC=C6C[C@@H](O)CC[C@]6(C)[C@H]5CC[C@]4(C)[C@H]3[C@@H]2C,0.278368
247,C[C@@H]1CC[C@@]2(OC1)O[C@@H]3C[C@H]4[C@@H]5CC[C@H]6C[C@@H](O)CC[C@]6(C)[C@H]5C(=O)C[C@]4(C)[C@H]3[C@@H]2C,0.201594
248,C[C@@H]1CC[C@@]2(OC1)O[C@@H]3C[C@H]4[C@@H]5CC[C@@H]6C[C@@H](O)CC[C@]6(C)[C@H]5CC[C@]4(C)[C@H]3[C@@H]2C,0.263399
249,C[C@@H]1CC[C@@]2(OC1)O[C@@H]3C[C@H]4[C@@H]5C[C@H](O)[C@@H]6C[C@@H](O)CC[C@]6(C)[C@H]5CC[C@]4(C)[C@H]3[C@@H]2C,0.224154
250,C[C@@H]1CC[C@@]2(OC1)O[C@@H]3C[C@H]4[C@@H]5CC[C@@H]6C[C@@H](O)CC[C@]6(C)[C@H]5CC[C@]4(C)[C@@H]3[C@@H]2C,0.263399
251,C[C@@H]1CC[C@@]2(OC1)O[C@@H]3C[C@H]4[C@@H]5CC=C6C[C@@H](O)CC[C@]6(C)[C@H]5CC[C@]4(C)[C@H]3[C@@H]2C,0.278368
252,C[C@@H]1CC[C@@]2(OC1)O[C@@H]3C[C@H]4[C@@H]5C[C@H](O)[C@@H]6C[C@@H](O)CC[C@]6(C)[C@H]5CC[C@]4(C)[C@H]3[C@@H]2C,0.224154
253,C[C@@H]1CC[C@@]2(OC1)O[C@@H]3C[C@H]4[C@@H]5C[C@@H](O)[C@@H]6C[C@@H](O)CC[C@]6(C)[C@H]5CC[C@]4(C)[C@H]3[C@@H]2C,0.224154
254,C[C@@H]1CC[C@@]2(OC1)O[C@@H]3C[C@H]4[C@@H]5CC[C@@H]6CC(=O)CC[C@]6(C)[C@H]5CC[C@]4(C)[C@H]3[C@@H]2C,0.241369
255,C[C@@H]1CC[C@@]2(OC1)O[C@@H]3C[C@H]4[C@@H]5C[C@H](O)[C@@H]6CC(=O)CC[C@]6(C)[C@H]5CC[C@]4(C)[C@H]3[C@@H]2C,0.204132
256,C[C@@H]1CC[C@@]2(OC1)O[C@@H]3C[C@H]4[C@@H]5CC[C@@H]6C[C@@H](O)C=C[C@]6(C)[C@H]5CC[C@]4(C)[C@H]3[C@@H]2C,0.244965
257,C[C@@H]1CC[C@@]2(OC1)O[C@@H]3C[C@H]4[C@@H]5CC[C@@H]6C=CC(=O)C[C@]6(C)[C@H]5CC[C@]4(C)[C@H]3[C@@H]2C,0.209427
258,C[C@@H](CC[C@@H](O)[C@@](C)(O)[C@H]1CC[C@]2(O)[C@]1(C)CC[C@H]1[C@@H]2C[C@@H](O)[C@H]2[C@]1(C)C(=O)C=C[C@@H]2O)C,0.132989
259,C[C@@H](CC[C@@H](O)[C@@](C)(O)[C@H]1CC[C@]2(O)[C@]1(C)CC[C@H]1[C@@H]2C[C@@H](O)[C@H]2[C@]1(C)C(=O)C=CC2)C,0.140953
260,C[C@@H](CC[C@@H](C)[C@@](C)(O)[C@H]1CC[C@]2(O)[C@]1(C)CC[C@H]1[C@@H]2C[C@@H](O)[C@H]2[C@]1(C)C(=O)C=C[C@@H]2O)C,0.132403
261,C[C@@H](CC[C@@H](C)[C@@](C)(O)[C@H]1CC[C@]2(O)[C@]1(C)CC[C@H]1[C@@H]2C[C@@H](O)[C@H]2[C@]1(C)C(=O)C=C[C@@H]2O)CC,0.126958
262,C[C@@H](CC[C@@H](O)[C@@](C)(O)[C@H]1CC[C@]2(O)[C@]1(C)CC[C@H]1[C@@H]2CC(=O)[C@H]2[C@]1(C)C(=O)C=C[C@@H]2O)C,0.138469
263,C[C@@H](CC[C@@H](O)[C@@](C)(O)[C@H]1CC[C@]2(O)[C@]1(C)C[C@H](O)[C@H]1[C@@H]2C[C@@H](O)[C@H]2[C@]1(C)C(=O)C=C[C@@H]2O)C,0.098803
264,C[C@@H](CC[C@@H](O)[C@@](C)(O)[C@H]1CC[C@]2(O)[C@]1(C)CC[C@H]1[C@@H]2C[C@@H](O)[C@H]2[C@]1(C)C(=O)C=C[C@@H]2O)CO,0.129046
265,C[C@@H](CC[C@@H](O)[C@@](C)(O)[C@H]1CC[C@]2(O)[C@]1(C)CC[C@H]1[C@@H]2C[C@@H](O)[C@H]2[C@]1(C)C(=O)C(O)=C[C@@H]2O)C,0.125402
266,C[C@H](/C=C/[C@H](C)[C@H]1CC[C@@H]2[C@@]1(CC[C@H]3C2=CC=C4[C@@]3(CC[C@@H](C4)O)C)C)C(C)C,0.114322
267,CC(C)=CCC[C@@H](C)[C@H]1CC[C@@H]2[C@@]1(CC[C@H]3C2=CC=C4[C@@]3(CC[C@@H](C4)O)C)C,0.112722
268,CC(C)CCC[C@@H](C)[C@H]1CC[C@@H]2[C@@]1(CC[C@H]3C2=C[C@H](O)C4[C@@]3(CC[C@@H](C4)O)C)C,0.193046
269,C[C@H](/C=C/[C@H](C)[C@H]1CC[C@@H]2[C@@]1(CC[C@H]3C2=CC=C4[C@@]3(C[C@@H](O)[C@@H](C4)O)C)C)C(C)C,0.085573
270,CC(C)CCC[C@@H](C)[C@H]1CC[C@@H]2[C@@]1(CC[C@H]3C2=CC=C4[C@@]3(CC[C@@H](C4)O)C)C,0.122202
271,C[C@H](CCCC(C)C)[C@H]1CC[C@@H]2/C(=C/C=C3/C[C@@H](O)CCC3=C)/CCC[C@]12C,0.11751
272,C[C@H](/C=C/[C@H](C)C(C)C)[C@H]1CC[C@@H]2/C(=C/C=C3/C[C@@H](O)CCC3=C)/CCC[C@]12C,0.089265
273,C[C@H](CCCC(C)(C)O)[C@H]1CC[C@@H]2/C(=C/C=C3/C[C@@H](O)C[C@H](O)C3=C)/CCC[C@]12C,0.101329
274,C[C@H](CCCC(C)(C)O)[C@H]1CC[C@@H]2/C(=C/C=C3/C[C@@H](O)C=C(O)C3)/CCC[C@]12C,0.097475
275,C[C@H](CCCC(C)C)[C@H]1CC[C@@H]2/C(=C/C=C3/C[C@@H](O)C=C(O)C3)/CCC[C@]12C,0.088723
276,C[C@H](C=CC(C)(C)O)[C@H]1CC[C@@H]2/C(=C/C=C3/C[C@@H](O)C=C(O)C3)/CCC[C@]12C,0.080365
277,C[C@H](/C=C/[C@H](C)C(C)C)[C@H]1CC[C@@H]2/C(=C/C=C3/C[C@@H](O)C=C(O)C3)/CCC[C@]12C,0.068691
278,C[C@H](CCCC(C)(C)O)[C@H]1CC[C@@H]2/C(=C/C=C3/C[C@@H](O)C[C@@H](O)C3)/CCC[C@]12C,0.126928
279,CC[C@H](CC[C@@H](C)[C@H]1CC[C@@H]2[C@@]1(CC[C@H]3[C@H]2CC=C4[C@@]3(CC[C@@H](C4)O)C)C)C(C)C,0.308435
280,CC[C@H](/C=C/[C@@H](C)[C@H]1CC[C@@H]2[C@@]1(CC[C@H]3[C@H]2CC=C4[C@@]3(CC[C@@H](C4)O)C)C)C(C)C,0.282859
281,CC(C)[C@H](C)[C@@H](O)[C@@H](C)[C@H]1CC[C@@H]2[C@@]1(CC[C@H]3[C@H]2CC=C4[C@@]3(CC[C@@H](C4)O)C)C,0.286814
282,CC(C)[C@@H](O)[C@@H](C)[C@H]1CC[C@@H]2[C@@]1(CC[C@H]3[C@H]2CC=C4[C@@]3(CC[C@@H](C4)O)C)C,0.309452
283,CC(C)C(O)CC[C@@H](C)[C@H]1CC[C@@H]2[C@@]1(CC[C@H]3[C@H]2CC=C4[C@@]3(CC[C@@H](C4)O)C)C,0.319552
284,CC(C)=CCC[C@@H](C)[C@H]1CC[C@@H]2[C@@]1(CC[C@H]3[C@H]2C=CC4=C[C@@H](O)CC[C@@]34C)C,0.169298
285,CC(C)CCC[C@@H](C)[C@H]1CC[C@@H]2[C@@]1(CC[C@H]3[C@H]2C(=O)C=C4[C@@]3(CC[C@@H](C4)O)C)C,0.252308
286,C[C@]12C[C@H](O)[C@H]3[C@@H](CCC4=CC(=O)CC[C@@]34C)[C@@H]1CC[C@]2(O)C(=O)CO,0.156393
287,C[C@]12C[C@H](O)[C@H]3[C@@H](CCC4=CC(=O)C=C[C@@]34C)[C@@H]1CC[C@]2(O)C(=O)CO,0.125228
288,C[C@]12CC(=O)[C@H]3[C@@H](CCC4=CC(=O)C=C[C@@]34C)[C@@H]1CC[C@]2(O)C(=O)CO,0.138248
289,C[C@]12C[C@H](O)[C@H]3[C@@H](CCC4=CC(=O)C=C[C@@]34C)[C@@H]1C[C@@H](C)[C@]2(O)C(=O)CO,0.099105
290,C[C@@H]1C[C@H]2[C@@H]3CCC4=CC(=O)C=C[C@@]4(C)[C@@]3(F)[C@@H](O)C[C@@]2(C)[C@@]1(O)C(=O)CO,0.096677
291,C[C@]12C[C@H](O)[C@H]3[C@@H](CCC4=CC(=O)C=C[C@@]34C)[C@@]1(F)[C@@H](O)C[C@]2(O)C(=O)CO,0.096742
292,C[C@@H]1C[C@H]2[C@@H]3CCC4=CC(=O)C=C[C@@]4(C)[C@@]3(F)CC[C@@]2(C)[C@@]1(O)C(=O)CO,0.109848
293,C[C@@H]1C[C@H]2[C@@H]3CCC4=CC(=O)C=C[C@@]4(C)[C@@]3(F)[C@@H](O)C[C@@]2(C)[C@@]1(OC(=O)CCl)C(=O)CCl,0.105254
294,C[C@@H]1C[C@H]2[C@@H]3CCC4=CC(=O)C=C[C@@]4(C)[C@@]3(Cl)[C@@H](O)C[C@@]2(C)[C@@]1(OC(=O)CCl)C(=O)CCl,0.104891
295,C[C@@H]1C[C@H]2[C@@H]3CCC4=CC(=O)C=C[C@@]4(C)[C@@]3(F)[C@@H](O)C[C@@]2(C)[C@@]1(OC(C)=O)C(=O)CF,0.090809
296,C[C@@H]1C[C@H]2[C@@H]3CCC4=CC(=O)CC[C@@]4(C)[C@@]3(F)[C@@H](O)C[C@@]2(C)[C@@]11OCC(C)(C)O1,0.110854
297,C[C@@H]1C[C@H]2[C@@H]3CCC4=CC(=O)CC[C@@]4(C)[C@H]3[C@@H](O)C[C@@]2(C)[C@@]11OCC(C)(C)O1,0.118881
298,C[C@@H]1C[C@H]2[C@@H]3CCC4=CC(=O)C=C[C@@]4(C)[C@@]3(F)[C@@H](O)C[C@@]2(C)[C@@]11OCC(C)(C)O1,0.09213
299,C[C@@H]1C[C@H]2[C@@H]3CCC4=CC(=O)C=C[C@@]4(C)[C@@]3(F)[C@@H](O)C[C@@]2(C)[C@@]1(OC(C)=O)C(=O)CO,0.098222
300,C[C@@H]1C[C@H]2[C@@H]3CCC4=CC(=O)C=C[C@@]4(C)[C@@]3(Cl)[C@@H](O)C[C@@]2(C)[C@@]1(O)C(=O)CO,0.09584
301,C[C@]12C[C@H](O)[C@H]3[C@@H](CCC4=CC(=O)CC[C@@]34C)[C@@]1(F)CC[C@]2(O)C(=O)CO,0.123169
302,CCC[C@@H]1O[C@@H]2C[C@H]3[C@@H]4CCC5=CC(=O)C=C[C@@]5(C)[C@H]4[C@@H](O)C[C@@]3(C)[C@@]2(O1)C(=O)CO,0.095397
303,C[C@]12C[C@H](O)[C@H]3[C@@H](CCC4=CC(=O)CC[C@@]34C)[C@@H]1CC[C@@]2(O)C(=O)C,0.16255
304,C[C@@H]1C[C@H]2[C@@H]3CCC4=CC(=O)C=C[C@@]4(C)[C@@]3(F)[C@@H](O)C[C@@]2(C)[C@@]1(O)C(C)=O,0.091482
305,C[C@]12C[C@H](O)[C@H]3[C@@H](CCC4=CC(=O)CC[C@@]34C)[C@@H]1C[C@H](C)[C@]2(O)C(C)=O,0.12236
306,CC1OC2C[C@H]3[C@@H]4CCC5=CC(=O)C=C[C@@]5(C)[C@H]4[C@@H](O)C[C@@]3(C)[C@]2(O1)C(=O)CO,0.094523
307,C[C@@H]1C[C@H]2[C@@H]3CCC4=CC(=O)C=C[C@@]4(C)[C@@]3(F)[C@@H](O)C[C@@]2(C)[C@@]1(O)C(=O)CF,0.089611
308,C[C@]12C[C@H](O)[C@H]3[C@@H](CCC4=CC(=O)C=C[C@@]34C)[C@@]1(F)CC[C@]2(O)C(=O)CO,0.09946
309,CC(=O)OCC(=O)[C@@]1(O)CC[C@H]2[C@@H]3CCC4=CC(=O)CC[C@@]4(C)[C@H]3[C@@H](O)C[C@]21C,0.199615
310,CCCC(=O)OCC(=O)[C@@]1(O)CC[C@H]2[C@@H]3CCC4=CC(=O)CC[C@@]4(C)[C@H]3[C@@H](O)C[C@]21C,0.241677
311,CCCCC(=O)OCC(=O)[C@@]1(O)CC[C@H]2[C@@H]3CCC4=CC(=O)CC[C@@]4(C)[C@H]3[C@@H](O)C[C@]21C,0.259194
312,CC(=O)OCC(=O)[C@@]1(O)CC[C@H]2[C@@H]3CCC4=CC(=O)C=C[C@@]4(C)[C@H]3[C@@H](O)C[C@]21C,0.156834
313,OP(=O)(O)OCC(=O)[C@@]1(O)CC[C@H]2[C@@H]3CCC4=CC(=O)C=C[C@@]4(C)[C@H]3[C@@H](O)C[C@]21C,0.130593
314,CC(=O)OCC(=O)[C@@]1(O)C[C@@H](C)[C@H]2[C@@H]3CCC4=CC(=O)C=C[C@@]4(C)[C@H]3[C@@H](O)C[C@]21C,0.119024
315,CC(=O)OCC(=O)[C@@]1(O)[C@@H](C)C[C@H]2[C@@H]3CCC4=CC(=O)C=C[C@@]4(C)[C@@]3(F)[C@@H](O)C[C@]21C,0.102068
316,OP(=O)(O)OCC(=O)[C@@]1(O)[C@@H](C)C[C@H]2[C@@H]3CCC4=CC(=O)C=C[C@@]4(C)[C@@]3(F)[C@@H](O)C[C@]21C,0.093269
317,CCCCC(=O)O[C@@H]1[C@@H](C)C[C@H]2[C@@H]3CCC4=CC(=O)C=C[C@@]4(C)[C@@]3(F)[C@@H](O)C[C@]2(C)[C@@]1(O)C(=O)CO,0.1145
318,CCC(=O)O[C@@H]1[C@@H](C)C[C@H]2[C@@H]3CCC4=CC(=O)C=C[C@@]4(C)[C@@]3(F)[C@@H](O)C[C@]2(C)[C@@]1(OC(=O)CC)C(=O)CO,0.107917
319,C[C@@H]1C[C@H]2[C@@H]3CCC4=CC(=O)C=C[C@@]4(C)[C@@]3(F)[C@@H](O)C[C@@]2(C)[C@@]11OC(C)(C)O1,0.08804
320,CC(=O)O[C@@H]1[C@@H](C)C[C@H]2[C@@H]3CCC4=CC(=O)C=C[C@@]4(C)[C@@]3(F)[C@@H](O)C[C@]2(C)[C@@]1(OC(C)=O)C(=O)CO,0.099735
321,CCC(=O)O[C@@H]1[C@@H](C)C[C@H]2[C@@H]3CCC4=CC(=O)C=C[C@@]4(C)[C@@]3(F)[C@@H](O)C[C@]2(C)[C@@]1(O)C(=O)CCl,0.100509
322,CCC(=O)O[C@@H]1[C@@H](C)C[C@H]2[C@@H]3CCC4=CC(=O)C=C[C@@]4(C)[C@@]3(F)[C@@H](O)C[C@]2(C)[C@@]1(O)C(=O)CF,0.097213
323,CCC(=O)O[C@@H]1[C@@H](C)C[C@H]2[C@@H]3CCC4=CC(=O)C=C[C@@]4(C)[C@@]3(Cl)[C@@H](O)C[C@]2(C)[C@@]1(OC(=O)CC)C(=O)CO,0.108319
324,CC(=O)O[C@@]1(C(C)=O)CC[C@H]2[C@@H]3CCC4=CC(=O)CC[C@@]4(C)[C@H]3C[C@H](C)[C@]21C,0.183959
325,C[C@]12CC[C@H]3[C@H]([C@@H]1CC[C@]2(O)C#C)CCC4=CC(=O)CC[C@H]34,0.181967
326,CC[C@]1(O)CC[C@H]2[C@@H]3CCC4=CC(=O)CC[C@H]4[C@@H]3CC[C@]21C#C,0.166961
327,CC[C@]1(O)CC[C@H]2[C@@H]3CCC4=CC(=O)CC[C@@H]4[C@@H]3CC[C@]21C#C,0.166961
328,CC[C@]1(O)CC[C@H]2[C@@H]3CCC4=CC(=O)CC[C@@H]4[C@@H]3C=C[C@]21C#C,0.130641
329,C[C@]12C[C@H]3[C@H]4CCC5=CC(=O)CC[C@@]5(C=O)[C@H]4CC[C@@]3(C)[C@@]1(CCC2=O)C,0.135923
330,C[C@]12CC[C@H]3[C@H]([C@@H]1CC[C@]2(O)CC#N)CCC4=CC(=O)C=C[C@H]34,0.122866
331,C[C@]12CC[C@H]3[C@H]([C@@H]1C[C@H](O)[C@]2(O)C(C)=O)CCC4=CC(=O)C=C[C@]34C,0.147695
332,CC(=O)[C@@]1(O)CC[C@H]2[C@@H]3C=CC4=CC(=O)[C@@H](Cl)C[C@@]4(C)[C@H]3CC[C@]21C,0.072986
333,CC(=O)[C@@]1(O)CC[C@H]2[C@@H]3CCC4=CC(=O)C(Cl)=C[C@@]4(C)[C@H]3CC[C@]21C,0.162554
334,CC(=O)[C@@]1(O)CC[C@H]2[C@@H]3CCC4=CC(=O)C=C[C@@]4(C)[C@@H]3C[C@H](C)[C@]21C,0.128557
335,CCCCCC(=O)O[C@@]1(C(C)=O)CC[C@H]2[C@@H]3CCC4=CC(=O)CC[C@@]4(C)[C@H]3CC[C@]21C,0.402216
336,CC(=O)O[C@@]1(C#C)CC[C@H]2[C@@H]3CCC4=CC(=O)CC[C@@]4(C)[C@H]3CC[C@]21C,0.28482
337,C[C@]12CC[C@@H]3[C@H]([C@@H]1CC[C@@H]2O)CCC4=C3C=CC(=O)C4,0.11675
338,C=CC[C@]1(O)CC[C@H]2[C@@H]3CCC4=CCCC[C@]4(C)[C@H]3CC[C@]21C,0.288482
339,C[C@]12CC[C@H]3[C@H]([C@@H]1CC[C@]2(O)C#C)CCC4=CCCC[C@]34,0.218316
340,C[C@]12CC[C@H]3[C@H]([C@@H]1CC[C@]2(O)C#C)CC=C4CC(=O)CC[C@H]34,0.184409
341,CC(=O)O[C@]1(C#C)CC[C@H]2[C@@H]3CCC4=CCCC[C@]4(C)[C@H]3CC[C@]21C,0.337343
342,C[C@]12CC[C@H]3[C@H]([C@@H]1C[C@@H](C)[C@]2(O)C#C)CCC4=CC(=O)CC[C@]34C,0.182551
343,C[C@]12C[C@H](C)[C@H]3[C@@H](CCC4=CC(=O)C(C)=C[C@@]34C)[C@@H]1CC[C@@H]2O,0.116661
344,C[C@]12C[C@H](C)[C@H]3[C@@H](CCC4=CC(=O)CC[C@@]34C)[C@@H]1CC[C@]2(O)C#C,0.156101
345,C[C@]12C[C@H](C)[C@H]3[C@@H](CCC4=CC(=O)C=C[C@@]34C)[C@@H]1CC[C@]2(O)C#C,0.128912
346,C[C@]12CC[C@H]3[C@H]([C@@H]1CC[C@]2(O)C#C)CCC4=CC(=O)C[C@H](C)[C@]34C,0.171919
347,CC#C[C@]1(O)CC[C@H]2[C@@H]3CCC4=CC(=O)C=C[C@]4(C)[C@H]3CC[C@]21C#C,0.190479
348,CC#C[C@]1(O)CC[C@H]2[C@@H]3CCC4=CC(=O)C=C[C@]4(C)[C@H]3CC[C@]21C,0.198036
349,CC(=O)O[C@@]1(C(C)=O)CC[C@H]2[C@@H]3C=CC4=CC(=O)[C@@H](Cl)C[C@@]4(C)[C@H]3CC[C@]21C,0.083046
350,CC(=O)O[C@@]1(C(C)=O)CC[C@H]2[C@@H]3CCC4=CC(=O)C(Cl)=C[C@@]4(C)[C@H]3CC[C@]21C,0.199253
351,CC(=O)O[C@@]1(C(C)=O)C[C@@H](C)[C@H]2[C@@H]3CCC4=CC(=O)C=C[C@@]4(C)[C@H]3CC[C@]21C,0.195195
352,CC(=O)O[C@@]1(C#C)CC[C@H]2[C@@H]3CCC4=CC(=O)CC[C@H]4[C@@H]3CC[C@]21C,0.257797
353,CCCCCCC(=O)O[C@@]1(C#C)CC[C@H]2[C@@H]3CCC4=CC(=O)CC[C@H]4[C@@H]3CC[C@]21C,0.36694
354,C[C@]12CC[C@H]3[C@H]([C@@H]1CC[C@@H]2O)CCC4=CC(=O)CC[C@H]34,0.221266
355,CCCCCCCCCC(=O)O[C@@H]1CC[C@H]2[C@@H]1CC[C@H]1[C@@H]2CCC2=CC(=O)CC[C@H]12,0.352263
356,CCC(=O)O[C@@H]1CC[C@H]2[C@@H]1CC[C@H]1[C@@H]2CCC2=CC(=O)CC[C@H]12,0.220265
357,C[C@]12CC[C@H]3[C@H]([C@@H]1C[C@@H](O)C2=O)CC[C@@H]1[C@@]3(C)CC[C@H](O)C1,0.231904
358,C[C@]12CC[C@H]3[C@H]([C@@H]1C[C@@H](O)C2=O)CCC4=CC(=O)CC[C@]34CO,0.104629
359,C[C@]12CC[C@H]3[C@H]([C@@H]1CC[C@]2(O)C)CCC4=CC(=O)C=C[C@]34C,0.183585
360,C[C@]12CC[C@H]3[C@H]([C@@H]1CC[C@@H]2O)CCC4=CC(=O)C=C[C@]34C,0.192615
361,CCCCCCCCC=CC(=O)O[C@@H]1CC[C@H]2[C@@H]1CC[C@H]1[C@@H]2CCC2=CC(=O)C=C[C@]12C,0.284935
362,C[C@]12CC[C@H]3[C@H]([C@@H]1CC[C@@H]2O)CCC4=CC(=O)C=C[C@]34,0.128
363,CC(=O)O[C@@H]1CC[C@H]2[C@@H]1CC[C@H]1[C@@H]2CCC2=CC(=O)C=C[C@]12,0.100523
364,C[C@]12C[C@H](O)[C@H]3[C@@H](CCC4=CC(=O)C=C[C@@]34C)[C@@]1(F)CC[C@]2(O)C,0.097825
365,C[C@]12CC[C@H]3[C@H]([C@@H]1C[C@H](C)[C@@H]2O)CC[C@@H]4[C@@]3(CCC(=O)C4)C,0.177112
366,C[C@]12CC[C@H]3[C@H]([C@@H]1CC[C@@H]2O)C[C@H](C)C4=CC(=O)CC[C@]34C,0.142879
367,C[C@]12CC[C@H]3[C@H]([C@@H]1CC[C@@H]2O)C(C)CC4=CC(=O)CC[C@]34C,0.157505
368,CC(=O)O[C@@H]1CC[C@H]2[C@@H]1CC[C@H]1[C@@H]2C(C)CC2=CC(=O)CC[C@]12C,0.140244
369,C[C@]12CC[C@H]3[C@H]([C@@H]1CC[C@@H]2O)CCC4=C(Cl)C(=O)CC[C@]34C,0.186733
370,C[C@]12CC[C@H]3[C@H]([C@@H]1CC[C@]2(O)C#C)CCC4=Cc5occc5C[C@]34,0.126562
371,CCC(=O)O[C@@H]1CC[C@H]2[C@@H]1CC[C@H]1[C@@H]2CCC2=CC(=O)CC[C@]12C,0.248051
372,CCCCCCC(=O)O[C@@H]1CC[C@H]2[C@@H]1CC[C@H]1[C@@H]2CCC2=CC(=O)CC[C@]12C,0.332772
373,CCCCCCCCC(=O)O[C@@H]1CC[C@H]2[C@@H]1CC[C@H]1[C@@H]2CCC2=CC(=O)CC[C@]12C,0.373784
374,CCCCCCCCCCC(=O)O[C@@H]1CC[C@H]2[C@@H]1CC[C@H]1[C@@H]2CCC2=CC(=O)CC[C@]12C,0.412425
375,C[C@]12CC[C@H]3[C@H]([C@@H]1CC[C@]2(O)C)CCC4=CC(=O)CC[C@]34C,0.233549
376,CC(=O)O[C@@H]1CC[C@H]2[C@@H]1CC[C@H]1[C@@H]2CCC2=CC(=O)CC[C@]12C,0.223229
377,CCC(=O)O[C@@H]1CC[C@H]2[C@@H]1CC[C@H]1[C@@H]2CCC2=CC(=O)CC[C@]12C,0.248051
378,CC(C)CCC(=O)O[C@@H]1CC[C@H]2[C@@H]1CC[C@H]1[C@@H]2CCC2=CC(=O)CC[C@]12C,0.309549
379,CCCCCCCCCC(=O)O[C@@H]1CC[C@H]2[C@@H]1CC[C@H]1[C@@H]2CCC2=CC(=O)CC[C@]12C,0.393481
380,C[C@]12CC[C@H]3[C@H]([C@@H]1CC[C@]2(O)C)CC[C@@H]4[C@@]3(CCC(=O)C4)C,0.240512
381,C[C@]12CC[C@H]3[C@H]([C@@H]1CC[C@]2(O)C)CCC4=CC(=O)C=C[C@]34,0.118472
382,C[C@]12C[C@H](O)[C@H]3[C@@H](CCC4=CC(=O)CC[C@@]34C)[C@@H]1CC[C@]2(O)C,0.150543
383,CC[C@]1(O)CC[C@H]2[C@@H]3CCC4=CC(=O)CC[C@H]4[C@@H]3CC[C@]21C,0.232713
384,CC[C@]1(O)CC[C@H]2[C@@H]3CCC4=CCCC[C@]4(C)[C@H]3CC[C@]21C,0.316021
385,C[C@]12CC[C@H]3[C@H]([C@@H]1CC[C@]2(O)C#C)CCc4cc(O)ccc34,0.223948
386,COc1ccc2[C@H]3CC[C@]4(O)[C@@H](C#C)CC[C@H]4[C@@H]3CCc2c1,0.171293
387,C[C@]12CC[C@H]3[C@H]([C@@H]1CC[C@]2(O)C#C)CCc4cc(OC5CCCCC5)ccc34,0.300102
388,CCCCC(=O)O[C@@H]1CC[C@H]2[C@@H]1CCc1cc(O)ccc12,0.489951
389,CCCCCCCCC(=O)O[C@@H]1CC[C@H]2[C@@H]1CCc1cc(O)ccc12,0.542077
390,c1ccc(C(=O)Oc2ccc3[C@H]4CC[C@@H](O)[C@@]4(C)CCc3c2)cc1,0.460291
391,C[C@]12CC[C@H]3[C@H]([C@@H]1CC[C@@H]2OP(=O)(O)O)CCc4cc(O)ccc34,0.28063
392,C[C@]12CC[C@H]3[C@H]([C@@H]1CC[C@]2(O)C#C)CCC4=CC(=O)CC[C@]34C,0.21786
393,CCCCCCC(=O)O[C@@H]1CC[C@H]2[C@@H]1CCc1cc(O)ccc12,0.514771
394,CCCCCCCCCCC(=O)O[C@@H]1CC[C@H]2[C@@H]1CCc1cc(O)ccc12,0.566172
395,COc1ccc2[C@H]3CC[C@]4(O)[C@@H](C#C)CC[C@H]4[C@@H]3CCc2c1,0.171293
396,CCC(=O)Oc1ccc2[C@H]3CC[C@@H](OC(=O)CC)[C@@]3(C)CCc2c1,0.600755
397,C[C@]12CC[C@H]3[C@H]([C@@H]1CC[C@@H]2NC(=O)C(C)(C)C)CC[C@@H]4NC(=O)C=C[C@]34C,0.18667
398,Fc1ccc(NC(=O)[C@@H]2CC[C@H]3[C@@H]4CCC5NC(=O)C=C[C@]5(C)[C@H]4CC[C@]32C)cc1CF,0.247243
399,C[C@]12CC[C@H]3[C@H]([C@@H]1CC[C@@H]2NC(=O)C(C)(C)C)CC[C@@H]4NC(=O)NC[C@]34C,0.147336
400,CC(=O)S[C@@H]1C[C@@H]2[C@H]3CCC4=CC(=O)CC[C@@]4(C)[C@H]3CC[C@@]2(C)[C@@]1(O)C(=O)CO,0.180067
401,C[C@]12CC[C@H]3[C@H]([C@@H]1C[C@@H]1OC(=O)[C@]21C)CCC4=CC(=O)CC[C@@]34C,0.234968
402,C[C@]12CC[C@H]3[C@H]([C@@H]1CCC2=O)CCC4=CC(=O)CC[C@@]34C,0.257553
403,C[C@]12CC[C@H]3[C@H]([C@@H]1CC[C@]2(O)C(=O)[O-])CCC4=CC(=O)CC[C@@]34C,0.188494
404,C[C@]12C[C@H]3[C@H]4CCC5=CC(=O)CC[C@@]5(C=O)[C@H]4CC[C@@]3(C)[C@@]1(CCC2=O)C,0.135923
